epoch,accuracy,loss,val_accuracy,val_loss
0,0.7539533972740173,1409.8458251953125,0.6479771137237549,103.76380920410156
